{
  "parent": "idas:idas_root",
  "display": {
    "icon": {
      "item": "create:rose_quartz"
    },
    "title": {
      "translate": "Wizard Tower"
    },
    "description": {
      "translate": "A Mage's Spire"
    },
    "show_toast": true,
    "announce_to_chat": true,
    "hidden": false
  },
  "rewards": {
    "experience": 100
  },
  "criteria": {
    "in_wizardtower": {
      "trigger": "minecraft:location",
      "conditions": {
        "feature": "idas:wizardtower"
      }
    }
  },
  "requirements": [
    [
      "in_wizardtower"
    ]
  ]
}