{
	"credit": "Made by LeftChaotix",
	"textures": {
		"0": "egg",
		"particle": "egg"
	},
	"elements": [
		{
			"from": [6, 1, 7.5],
			"to": [10, 2, 8.5],
			"faces": {
				"north": {"uv": [6, 14, 10, 15], "texture": "#0"},
				"east": {"uv": [6, 14, 7, 15], "texture": "#0"},
				"south": {"uv": [6, 14, 10, 15], "texture": "#0"},
				"west": {"uv": [9, 14, 10, 15], "texture": "#0"},
				"down": {"uv": [6, 14, 10, 15], "texture": "#0"}
			}
		},
		{
			"from": [4, 2, 7.5],
			"to": [12, 3, 8.5],
			"faces": {
				"north": {"uv": [4, 13, 12, 14], "texture": "#0"},
				"east": {"uv": [4, 13, 5, 14], "texture": "#0"},
				"south": {"uv": [4, 13, 12, 14], "texture": "#0"},
				"west": {"uv": [11, 13, 12, 14], "texture": "#0"},
				"down": {"uv": [4, 13, 12, 14], "texture": "#0"}
			}
		},
		{
			"from": [3, 3, 7.5],
			"to": [13, 5, 8.5],
			"faces": {
				"north": {"uv": [3, 11, 13, 13], "texture": "#0"},
				"east": {"uv": [3, 11, 4, 13], "texture": "#0"},
				"south": {"uv": [3, 11, 13, 13], "texture": "#0"},
				"west": {"uv": [12, 11, 13, 13], "texture": "#0"},
				"down": {"uv": [3, 12, 13, 13], "texture": "#0"}
			}
		},
		{
			"from": [2, 5, 7.5],
			"to": [14, 8, 8.5],
			"faces": {
				"north": {"uv": [2, 8, 14, 11], "texture": "#0"},
				"east": {"uv": [2, 8, 3, 11], "texture": "#0"},
				"south": {"uv": [2, 8, 14, 11], "texture": "#0"},
				"west": {"uv": [13, 8, 14, 11], "texture": "#0"},
				"up": {"uv": [2, 8, 14, 9], "texture": "#0"},
				"down": {"uv": [2, 10, 14, 11], "texture": "#0"}
			}
		},
		{
			"from": [3, 8, 7.5],
			"to": [13, 10, 8.5],
			"faces": {
				"north": {"uv": [3, 6, 13, 8], "texture": "#0"},
				"east": {"uv": [3, 6, 4, 8], "texture": "#0"},
				"south": {"uv": [3, 6, 13, 8], "texture": "#0"},
				"west": {"uv": [12, 6, 13, 8], "texture": "#0"},
				"up": {"uv": [3, 6, 13, 7], "texture": "#0"}
			}
		},
		{
			"from": [4, 10, 7.5],
			"to": [12, 12, 8.5],
			"faces": {
				"north": {"uv": [4, 4, 12, 6], "texture": "#0"},
				"east": {"uv": [4, 4, 5, 6], "texture": "#0"},
				"south": {"uv": [4, 4, 12, 6], "texture": "#0"},
				"west": {"uv": [11, 4, 12, 6], "texture": "#0"},
				"up": {"uv": [4, 4, 12, 5], "texture": "#0"}
			}
		},
		{
			"from": [5, 12, 7.5],
			"to": [11, 13, 8.5],
			"faces": {
				"north": {"uv": [5, 3, 11, 4], "texture": "#0"},
				"east": {"uv": [5, 3, 6, 4], "texture": "#0"},
				"south": {"uv": [5, 3, 11, 4], "texture": "#0"},
				"west": {"uv": [10, 3, 11, 4], "texture": "#0"},
				"up": {"uv": [5, 3, 11, 4], "texture": "#0"}
			}
		},
		{
			"from": [7, 13, 7.5],
			"to": [9, 14, 8.5],
			"faces": {
				"north": {"uv": [7, 2, 9, 3], "texture": "#0"},
				"east": {"uv": [7, 2, 8, 3], "texture": "#0"},
				"south": {"uv": [7, 2, 9, 3], "texture": "#0"},
				"west": {"uv": [10, 3, 11, 4], "texture": "#0"},
				"up": {"uv": [7, 2, 9, 3], "texture": "#0"}
			}
		}
	],
	"gui_light": "front",
	"display": {
		"thirdperson_righthand": {
			"translation": [0, 3, 1],
			"scale": [0.55, 0.55, 0.55]
		},
		"thirdperson_lefthand": {
			"translation": [0, 3, 1],
			"scale": [0.55, 0.55, 0.55]
		},
		"firstperson_righthand": {
			"rotation": [0, -90, 25],
			"translation": [1.13, 3.2, 1.13],
			"scale": [0.68, 0.68, 0.68]
		},
		"firstperson_lefthand": {
			"rotation": [0, -90, 25],
			"translation": [1.13, 3.2, 1.13],
			"scale": [0.68, 0.68, 0.68]
		},
		"ground": {
			"translation": [0, 2, 0],
			"scale": [0.5, 0.5, 0.5]
		},
		"head": {
			"rotation": [-90, 0, 0],
			"translation": [0, 7.5, -0.75]
		},
		"fixed": {
			"rotation": [0, 180, 0]
		}
	},
	"groups": [
		{
			"name": "egg",
			"origin": [0, 0, 0],
			"color": 0,
			"children": [0, 1, 2, 3, 4, 5, 6, 7]
		}
	]
}